date,title
2017/12/16 ·,面试软件工程师，这些准备工作你做了吗？
2017/12/14 ·,7 个使用 bcc/BPF 的性能分析神器
2017/12/16 ·,什么是僵尸进程，如何找到并杀掉僵尸进程？
2017/12/12 ·,Linux 中命令链接操作符的十个最佳实例
2017/12/12 ·,MySQL 引擎特性：InnoDB 同步机制
2017/12/09 ·,提升网站访问速度的 SQL 查询优化技巧
2017/12/12 ·,MySQL 引擎特性：InnoDB IO 子系统
2017/12/14 ·,谈谈 MySQL 隐式类型转换
2017/12/13 ·,MySQL 引擎特性：InnoDB Buffer Pool
2017/12/09 ·,谈谈程序员的离职和跳槽
2017/12/17 ·,如何在不会导致服务器宕机的情况下，用 PHP 读取大文件
2017/11/28 ·,如何处理前任程序员留下的代码
2017/11/29 ·,硬盘又坏了？硬盘数据恢复的神器有这些
2017/11/29 ·,写会 MySQL 索引
2017/11/29 ·,我问每个面试官的两个问题，把工程流程用到软件面试
2017/12/07 ·,分布式、服务化的 ERP 系统架构设计
2017/12/04 ·,成熟开发者的“元品质”
2017/12/04 ·,Go 的这十年！Go 语言之父等人回顾
2017/11/30 ·,自动化来势汹汹，未来的程序员该何去何从？
2017/12/04 ·,Linux 上的科学图像处理
2017/12/04 ·,Google Brain 推荐算法，给了 Youtube 新生
2017/12/07 ·,他们是优秀的前端，所以这些后端工作也交给他们…
2017/12/13 ·,MySQL 引擎特性：InnoDB崩溃恢复
2017/12/06 ·,如何判断 Linux 服务器是否被入侵？
2017/12/14 ·,客户想要的 vs 客户实际预算：漫画解读软件开发模式 ​​​​
2017/12/05 ·,浅谈软件项目规模估计——怎么估？
2017/12/05 ·,我们逃离北上广，美国人逃离硅谷
2017/12/06 ·,如何在 Linux 系统中通过用户组来管理用户
2017/12/05 ·,如果你还不了解机器学习的简史，请看这篇文章
2017/12/06 ·,如何自动唤醒和关闭 Linux
2017/12/18 ·,搭建Keepalived + Nginx + Tomcat的高可用负载均衡架构
2017/12/05 ·,机器学习之Logistic回归算法
2017/12/18 ·,Linux 移动或重命名文件/目录－mv 的10个实用例子
2017/12/06 ·,MySQL 性能调优技巧
2017/12/21 ·,PostgreSQL 查询成本模型
2017/12/18 ·,我见过的那些愚蠢的安全漏洞
2017/12/22 ·,十个不错的 Linux 网络监视工具
2017/12/22 ·,用系统日志了解你的 Linux 系统
2017/12/20 ·,浅谈重构中踩过的坑
2017/12/26 ·,软件开发工作的第一现场
2017/12/26 ·,学数字设计的软件工程师该了解的时钟知识
2017/12/05 ·,大道至简，职场上做人做事做管理
2017/12/30 ·,最早做游戏设计与开发的女程序员
2018/01/02 ·,日志的艺术（The art of logging）
2018/01/03 ·,12 条用于 Linux 的 MySQL/MariaDB 安全最佳实践
2018/01/04 ·,区块链入门教程
2017/12/05 ·,多线程编程基础知识
2018/01/04 ·,比特币入门教程
2018/01/02 ·,关于负载均衡的一切：总结与思考
2017/11/30 ·,如何轻松记住 Linux 命令
2017/12/30 ·,布隆过滤器:Google Guava类库源码分析及基于Redis Bitmaps的重构
2017/12/11 ·,越做越复杂的软件工程项目
2017/12/11 ·,有了数据，需要一些思路。应该从哪开始做数据分析？
2018/01/02 ·,10 个例子教你学会 ncat (nc) 命令
2017/12/11 ·,技术面试中的精英主义
2017/11/28 ·,成为 Linux 终端高手的七种武器
2017/12/10 ·,ls 命令的 20 个实用范例
2018/01/07 ·,绝不要用的 Linux 命令 ！
2017/12/09 ·,如何在 Linux 下统计高速网络中的流量
2017/12/22 ·,说了这么久的“Linux 桌面年”，为什么还没来？
